-- phpMyAdmin SQL Dump
-- version 5.0.2
-- https://www.phpmyadmin.net/
--
-- Host: 127.0.0.1
-- Generation Time: Jun 05, 2020 at 06:54 PM
-- Server version: 10.4.11-MariaDB
-- PHP Version: 7.4.6

SET SQL_MODE = "NO_AUTO_VALUE_ON_ZERO";
START TRANSACTION;
SET time_zone = "+00:00";


/*!40101 SET @OLD_CHARACTER_SET_CLIENT=@@CHARACTER_SET_CLIENT */;
/*!40101 SET @OLD_CHARACTER_SET_RESULTS=@@CHARACTER_SET_RESULTS */;
/*!40101 SET @OLD_COLLATION_CONNECTION=@@COLLATION_CONNECTION */;
/*!40101 SET NAMES utf8mb4 */;

--
-- Database: `login`
--

-- --------------------------------------------------------

--
-- Table structure for table `cabang`
--

CREATE TABLE `cabang` (
  `id` bigint(20) NOT NULL,
  `nama` varchar(255) DEFAULT NULL,
  `wilayah_id` int(11) DEFAULT NULL,
  `created_at` timestamp NOT NULL DEFAULT current_timestamp(),
  `updated_at` timestamp NOT NULL DEFAULT current_timestamp()
) ENGINE=InnoDB DEFAULT CHARSET=utf8mb4;

--
-- Dumping data for table `cabang`
--

INSERT INTO `cabang` (`id`, `nama`, `wilayah_id`, `created_at`, `updated_at`) VALUES
(1, 'Banda Aceh', 1, '2020-06-05 14:40:16', '2020-06-05 14:40:16'),
(2, 'LhokSeumawe', 1, '2020-06-05 14:40:16', '2020-06-05 14:40:16'),
(3, 'Tapak Tuan', 1, '2020-06-05 14:40:16', '2020-06-05 14:40:16'),
(4, 'Brastagi', 1, '2020-06-05 14:40:16', '2020-06-05 14:40:16'),
(5, 'Belawan', 1, '2020-06-05 14:40:16', '2020-06-05 14:40:16'),
(6, 'Hinai', 1, '2020-06-05 14:40:16', '2020-06-05 14:40:16'),
(7, 'Kabanjahe', 1, '2020-06-05 14:40:16', '2020-06-05 14:40:16'),
(8, 'Medan', 1, '2020-06-05 14:40:16', '2020-06-05 14:40:16'),
(9, 'Namorambe', 1, '2020-06-05 14:40:16', '2020-06-05 14:40:16'),
(10, 'Tanjung Morawa', 1, '2020-06-05 14:40:16', '2020-06-05 14:40:16'),
(11, 'Tanjungpura', 1, '2020-06-05 14:40:16', '2020-06-05 14:40:16'),
(12, 'Bangun Baru', 2, '2020-06-05 14:40:16', '2020-06-05 14:40:16'),
(13, 'Bah Damar', 2, '2020-06-05 14:40:16', '2020-06-05 14:40:16'),
(14, 'Buntu Pane', 2, '2020-06-05 14:40:16', '2020-06-05 14:40:16'),
(15, 'Dolok Kahean', 2, '2020-06-05 14:40:16', '2020-06-05 14:40:16'),
(16, 'Kualuh Hilir', 2, '2020-06-05 14:40:16', '2020-06-05 14:40:16'),
(17, 'Lima Puluh', 2, '2020-06-05 14:40:16', '2020-06-05 14:40:16'),
(18, 'Pamatang Bandar', 2, '2020-06-05 14:40:16', '2020-06-05 14:40:16'),
(19, 'Paya Pasir', 2, '2020-06-05 14:40:16', '2020-06-05 14:40:16'),
(20, 'Ranto prapat', 2, '2020-06-05 14:40:16', '2020-06-05 14:40:16'),
(21, 'Sosa', 2, '2020-06-05 14:40:16', '2020-06-05 14:40:16'),
(22, 'Tanjung Balai', 2, '2020-06-05 14:40:16', '2020-06-05 14:40:16'),
(23, 'Tebing Tinggi', 2, '2020-06-05 14:40:16', '2020-06-05 14:40:16'),
(24, 'Pekanbaru', 3, '2020-06-05 14:40:16', '2020-06-05 14:40:16'),
(25, 'Pangkalan Kerinci', 3, '2020-06-05 14:40:16', '2020-06-05 14:40:16'),
(26, 'Perawang', 3, '2020-06-05 14:40:16', '2020-06-05 14:40:16'),
(27, 'Singingi', 3, '2020-06-05 14:40:16', '2020-06-05 14:40:16'),
(28, 'Kota Bangun', 3, '2020-06-05 14:40:16', '2020-06-05 14:40:16'),
(29, 'Siak Sri Indrapura', 3, '2020-06-05 14:40:16', '2020-06-05 14:40:16'),
(30, 'Tuah Karya', 3, '2020-06-05 14:40:16', '2020-06-05 14:40:16'),
(31, 'Teluk Kuantan', 3, '2020-06-05 14:40:16', '2020-06-05 14:40:16'),
(32, 'Rengat', 4, '2020-06-05 14:40:16', '2020-06-05 14:40:16'),
(33, 'Batu Langkah', 4, '2020-06-05 14:40:16', '2020-06-05 14:40:16'),
(34, 'Simpang Kanan', 4, '2020-06-05 14:40:16', '2020-06-05 14:40:16'),
(35, 'Kubu', 4, '2020-06-05 14:40:16', '2020-06-05 14:40:16'),
(36, 'Kunto Darussalam', 4, '2020-06-05 14:40:16', '2020-06-05 14:40:16'),
(37, 'Kateman', 4, '2020-06-05 14:40:16', '2020-06-05 14:40:16'),
(38, 'Mandau', 4, '2020-06-05 14:40:16', '2020-06-05 14:40:16'),
(39, 'Pulau Burung', 4, '2020-06-05 14:40:16', '2020-06-05 14:40:16'),
(40, 'Pasir Pangaraian', 4, '2020-06-05 14:40:16', '2020-06-05 14:40:16'),
(41, 'Sungai Rangau', 4, '2020-06-05 14:40:16', '2020-06-05 14:40:16'),
(42, 'Tanjung Medan', 4, '2020-06-05 14:40:16', '2020-06-05 14:40:16'),
(43, 'Batam', 5, '2020-06-05 14:40:16', '2020-06-05 14:40:16'),
(44, 'Numbing', 5, '2020-06-05 14:40:16', '2020-06-05 14:40:16'),
(45, 'Tanjung Pinang', 5, '2020-06-05 14:40:16', '2020-06-05 14:40:16'),
(46, 'Natuna (halqa)', 5, '2020-06-05 14:40:16', '2020-06-05 14:40:16'),
(47, 'Batusangkar', 6, '2020-06-05 14:40:16', '2020-06-05 14:40:16'),
(48, 'Bukit Tinggi', 6, '2020-06-05 14:40:16', '2020-06-05 14:40:16'),
(49, 'Duku', 6, '2020-06-05 14:40:16', '2020-06-05 14:40:16'),
(50, 'Padang', 6, '2020-06-05 14:40:16', '2020-06-05 14:40:16'),
(51, 'Pampangan', 6, '2020-06-05 14:40:16', '2020-06-05 14:40:16'),
(52, 'Ujung Gading', 6, '2020-06-05 14:40:16', '2020-06-05 14:40:16'),
(53, 'Mentawai (Halqa)', 6, '2020-06-05 14:40:16', '2020-06-05 14:40:16'),
(54, 'Lurah Ingu', 7, '2020-06-05 14:40:16', '2020-06-05 14:40:16'),
(55, 'Muara Timpeh', 7, '2020-06-05 14:40:16', '2020-06-05 14:40:16'),
(56, 'Payakumbuh', 6, '2020-06-05 14:40:16', '2020-06-05 14:40:16'),
(57, 'Talang', 7, '2020-06-05 14:40:16', '2020-06-05 14:40:16'),
(58, 'Solok Selatan', 7, '2020-06-05 14:40:16', '2020-06-05 14:40:16'),
(59, 'Solok (Guguk Sarai)', 7, '2020-06-05 14:40:16', '2020-06-05 14:40:16'),
(60, 'Guguk Sarai', 7, '2020-06-05 14:40:16', '2020-06-05 14:40:16'),
(61, 'Gunung Kerinci', 8, '2020-06-05 14:40:16', '2020-06-05 14:40:16'),
(62, 'Jambi', 8, '2020-06-05 14:40:16', '2020-06-05 14:40:16'),
(63, 'Muara Bungo', 8, '2020-06-05 14:40:16', '2020-06-05 14:40:16'),
(64, 'Mersam', 8, '2020-06-05 14:40:16', '2020-06-05 14:40:16'),
(65, 'Pasar Minggu', 8, '2020-06-05 14:40:16', '2020-06-05 14:40:16'),
(66, 'Sungai Merah', 8, '2020-06-05 14:40:16', '2020-06-05 14:40:16'),
(67, 'Singkut', 8, '2020-06-05 14:40:16', '2020-06-05 14:40:16'),
(68, 'Burnai Mulya', 9, '2020-06-05 14:40:16', '2020-06-05 14:40:16'),
(69, 'Baturaja', 9, '2020-06-05 14:40:16', '2020-06-05 14:40:16'),
(70, 'Bayung Lincir', 9, '2020-06-05 14:40:16', '2020-06-05 14:40:16'),
(71, 'Jalur Delapan', 9, '2020-06-05 14:40:16', '2020-06-05 14:40:16'),
(72, 'Jati', 9, '2020-06-05 14:40:16', '2020-06-05 14:40:16'),
(73, 'Lahat', 9, '2020-06-05 14:40:16', '2020-06-05 14:40:16'),
(74, 'Lubuk Linggau', 9, '2020-06-05 14:40:16', '2020-06-05 14:40:16'),
(75, 'Palembang', 9, '2020-06-05 14:40:16', '2020-06-05 14:40:16'),
(76, 'Pematang Jaya', 9, '2020-06-05 14:40:16', '2020-06-05 14:40:16'),
(77, 'Pulau Rimau', 9, '2020-06-05 14:40:16', '2020-06-05 14:40:16'),
(78, 'Sungsang', 9, '2020-06-05 14:40:16', '2020-06-05 14:40:16'),
(79, 'Cecar', 9, '2020-06-05 14:40:16', '2020-06-05 14:40:16'),
(80, 'Bengkulu', 10, '2020-06-05 14:40:16', '2020-06-05 14:40:16'),
(81, 'Curup', 10, '2020-06-05 14:40:16', '2020-06-05 14:40:16'),
(82, 'Bangka', 11, '2020-06-05 14:40:16', '2020-06-05 14:40:16'),
(83, 'Belitung', 11, '2020-06-05 14:40:16', '2020-06-05 14:40:16'),
(84, 'Abung Selatan', 12, '2020-06-05 14:40:16', '2020-06-05 14:40:16'),
(85, 'Budijaya', 12, '2020-06-05 14:40:16', '2020-06-05 14:40:16'),
(86, 'Bakauheni', 12, '2020-06-05 14:40:16', '2020-06-05 14:40:16'),
(87, 'Ikatan Saudara', 12, '2020-06-05 14:40:16', '2020-06-05 14:40:16'),
(88, 'Bandar Lampung', 12, '2020-06-05 14:40:16', '2020-06-05 14:40:16'),
(89, 'Menggala', 12, '2020-06-05 14:40:16', '2020-06-05 14:40:16'),
(90, 'Pagelaran', 12, '2020-06-05 14:40:16', '2020-06-05 14:40:16'),
(91, 'Pringsewu', 12, '2020-06-05 14:40:16', '2020-06-05 14:40:16'),
(92, 'Rawapitu', 12, '2020-06-05 14:40:16', '2020-06-05 14:40:16'),
(93, 'Sidomulyo', 12, '2020-06-05 14:40:16', '2020-06-05 14:40:16'),
(94, 'Sidorahayu', 12, '2020-06-05 14:40:16', '2020-06-05 14:40:16'),
(95, 'Teluk Betung', 12, '2020-06-05 14:40:16', '2020-06-05 14:40:16'),
(96, 'Talang Padang', 12, '2020-06-05 14:40:16', '2020-06-05 14:40:16'),
(97, 'Cilegon', 13, '2020-06-05 14:40:16', '2020-06-05 14:40:16'),
(98, 'Cisereh', 13, '2020-06-05 14:40:16', '2020-06-05 14:40:16'),
(99, 'Merak', 13, '2020-06-05 14:40:16', '2020-06-05 14:40:16'),
(100, 'Pandeglang', 13, '2020-06-05 14:40:16', '2020-06-05 14:40:16'),
(101, 'Rangkasbitung', 13, '2020-06-05 14:40:16', '2020-06-05 14:40:16'),
(102, 'Serang', 13, '2020-06-05 14:40:16', '2020-06-05 14:40:16'),
(103, 'Tegal Lumbu', 13, '2020-06-05 14:40:16', '2020-06-05 14:40:16'),
(104, 'Waringin Kurung', 13, '2020-06-05 14:40:16', '2020-06-05 14:40:16'),
(105, 'Gondrong', 14, '2020-06-05 14:40:16', '2020-06-05 14:40:16'),
(106, 'Kampung Kramat', 14, '2020-06-05 14:40:16', '2020-06-05 14:40:16'),
(107, 'Pagedangan', 14, '2020-06-05 14:40:16', '2020-06-05 14:40:16'),
(108, 'Paninggilan', 14, '2020-06-05 14:40:16', '2020-06-05 14:40:16'),
(109, 'Perigi', 14, '2020-06-05 14:40:16', '2020-06-05 14:40:16'),
(110, 'Panunggangan Pusat', 14, '2020-06-05 14:40:16', '2020-06-05 14:40:16'),
(111, 'Pasir Semut', 14, '2020-06-05 14:40:16', '2020-06-05 14:40:16'),
(112, 'Panunggangan Timur', 14, '2020-06-05 14:40:16', '2020-06-05 14:40:16'),
(113, 'Rajeg', 14, '2020-06-05 14:40:16', '2020-06-05 14:40:16'),
(114, 'Serua', 14, '2020-06-05 14:40:16', '2020-06-05 14:40:16'),
(115, 'Tangerang', 14, '2020-06-05 14:40:16', '2020-06-05 14:40:16'),
(116, 'Warung Mangga', 14, '2020-06-05 14:40:16', '2020-06-05 14:40:16'),
(117, 'Jakarta Barat', 15, '2020-06-05 14:40:16', '2020-06-05 14:40:16'),
(118, 'Jakarta Pusat', 15, '2020-06-05 14:40:16', '2020-06-05 14:40:16'),
(119, 'Jakarta Timur', 15, '2020-06-05 14:40:16', '2020-06-05 14:40:16'),
(120, 'Jakarta Utara', 15, '2020-06-05 14:40:16', '2020-06-05 14:40:16'),
(121, 'Kebayoran', 15, '2020-06-05 14:40:16', '2020-06-05 14:40:16'),
(122, 'Lenteng Agung', 15, '2020-06-05 14:40:16', '2020-06-05 14:40:16'),
(123, 'Pulau Tidung', 15, '2020-06-05 14:40:16', '2020-06-05 14:40:16'),
(124, 'Depok', 15, '2020-06-05 14:40:16', '2020-06-05 14:40:16'),
(125, 'Bojong', 16, '2020-06-05 14:40:16', '2020-06-05 14:40:16'),
(126, 'Bekasi', 16, '2020-06-05 14:40:16', '2020-06-05 14:40:16'),
(127, 'Bulaktemu', 16, '2020-06-05 14:40:16', '2020-06-05 14:40:16'),
(128, 'Cikampek', 16, '2020-06-05 14:40:16', '2020-06-05 14:40:16'),
(129, 'Karawang', 16, '2020-06-05 14:40:16', '2020-06-05 14:40:16'),
(130, 'Cikarang Utara', 16, '2020-06-05 14:40:16', '2020-06-05 14:40:16'),
(131, 'Tambun', 16, '2020-06-05 14:40:16', '2020-06-05 14:40:16'),
(132, 'Bogor', 17, '2020-06-05 14:40:16', '2020-06-05 14:40:16'),
(133, 'Cibeureum', 17, '2020-06-05 14:40:16', '2020-06-05 14:40:16'),
(134, 'Ciherang', 17, '2020-06-05 14:40:16', '2020-06-05 14:40:16'),
(135, 'Cisalada', 17, '2020-06-05 14:40:16', '2020-06-05 14:40:16'),
(136, 'Cileungsi', 17, '2020-06-05 14:40:16', '2020-06-05 14:40:16'),
(137, 'Cimayang', 17, '2020-06-05 14:40:16', '2020-06-05 14:40:16'),
(138, 'Cibinong', 17, '2020-06-05 14:40:16', '2020-06-05 14:40:16'),
(139, 'Cibitung Wetan', 17, '2020-06-05 14:40:16', '2020-06-05 14:40:16'),
(140, 'Ciaruteun', 17, '2020-06-05 14:40:16', '2020-06-05 14:40:16'),
(141, 'Citeureup', 17, '2020-06-05 14:40:16', '2020-06-05 14:40:16'),
(142, 'Karyasari', 17, '2020-06-05 14:40:16', '2020-06-05 14:40:16'),
(143, 'Leuwisadeng', 17, '2020-06-05 14:40:16', '2020-06-05 14:40:16'),
(144, 'Sindangbarang', 17, '2020-06-05 14:40:16', '2020-06-05 14:40:16'),
(145, 'Tugu Selatan', 17, '2020-06-05 14:40:16', '2020-06-05 14:40:16'),
(146, 'Cibadak', 18, '2020-06-05 14:40:16', '2020-06-05 14:40:16'),
(147, 'Cikembar', 18, '2020-06-05 14:40:16', '2020-06-05 14:40:16'),
(148, 'Cisaat', 18, '2020-06-05 14:40:16', '2020-06-05 14:40:16'),
(149, 'Citalahab', 18, '2020-06-05 14:40:16', '2020-06-05 14:40:16'),
(150, 'Jampang Kulon', 18, '2020-06-05 14:40:16', '2020-06-05 14:40:16'),
(151, 'Karang Tengah', 18, '2020-06-05 14:40:16', '2020-06-05 14:40:16'),
(152, 'Lebaksari', 18, '2020-06-05 14:40:16', '2020-06-05 14:40:16'),
(153, 'Panjalu', 18, '2020-06-05 14:40:16', '2020-06-05 14:40:16'),
(154, 'Parakansalak', 18, '2020-06-05 14:40:16', '2020-06-05 14:40:16'),
(155, 'Sukabumi', 18, '2020-06-05 14:40:16', '2020-06-05 14:40:16'),
(156, 'Warungkiara', 18, '2020-06-05 14:40:16', '2020-06-05 14:40:16'),
(157, 'Waluran (Cimulek)', 18, '2020-06-05 14:40:16', '2020-06-05 14:40:16'),
(158, 'Agrabinta', 19, '2020-06-05 14:40:16', '2020-06-05 14:40:16'),
(159, 'Bunikasih', 19, '2020-06-05 14:40:16', '2020-06-05 14:40:16'),
(160, 'Bojong Picung', 19, '2020-06-05 14:40:16', '2020-06-05 14:40:16'),
(161, 'Baros', 19, '2020-06-05 14:40:16', '2020-06-05 14:40:16'),
(162, 'Cicakra', 19, '2020-06-05 14:40:16', '2020-06-05 14:40:16'),
(163, 'Cidaun', 19, '2020-06-05 14:40:16', '2020-06-05 14:40:16'),
(164, 'Cikalong Kulon', 19, '2020-06-05 14:40:16', '2020-06-05 14:40:16'),
(165, 'Ciandam', 19, '2020-06-05 14:40:16', '2020-06-05 14:40:16'),
(166, 'Cianjur', 19, '2020-06-05 14:40:16', '2020-06-05 14:40:16'),
(167, 'Ciparay', 19, '2020-06-05 14:40:16', '2020-06-05 14:40:16'),
(168, 'Cisitu', 19, '2020-06-05 14:40:16', '2020-06-05 14:40:16'),
(169, 'Cipeuyeum', 19, '2020-06-05 14:40:16', '2020-06-05 14:40:16'),
(170, 'Datar Kupa', 19, '2020-06-05 14:40:16', '2020-06-05 14:40:16'),
(171, 'Kebon Kopi', 19, '2020-06-05 14:40:16', '2020-06-05 14:40:16'),
(172, 'Leuwimangu', 19, '2020-06-05 14:40:16', '2020-06-05 14:40:16'),
(173, 'Neglasari', 19, '2020-06-05 14:40:16', '2020-06-05 14:40:16'),
(174, 'Panyairan', 19, '2020-06-05 14:40:16', '2020-06-05 14:40:16'),
(175, 'Ranca Umbul', 19, '2020-06-05 14:40:16', '2020-06-05 14:40:16'),
(176, 'Sindangkerta', 19, '2020-06-05 14:40:16', '2020-06-05 14:40:16'),
(177, 'Talaga', 19, '2020-06-05 14:40:16', '2020-06-05 14:40:16'),
(178, 'Warga Asih', 19, '2020-06-05 14:40:16', '2020-06-05 14:40:16'),
(179, 'Arjasari', 20, '2020-06-05 14:40:16', '2020-06-05 14:40:16'),
(180, 'Bandung Kulon', 20, '2020-06-05 14:40:16', '2020-06-05 14:40:16'),
(181, 'Banjaran', 20, '2020-06-05 14:40:16', '2020-06-05 14:40:16'),
(182, 'Batujajar', 20, '2020-06-05 14:40:16', '2020-06-05 14:40:16'),
(183, 'Bandung Kidul', 20, '2020-06-05 14:40:16', '2020-06-05 14:40:16'),
(184, 'Bandung Tengah', 20, '2020-06-05 14:40:16', '2020-06-05 14:40:16'),
(185, 'Bandung Wetan', 20, '2020-06-05 14:40:16', '2020-06-05 14:40:16'),
(186, 'Cicalengka', 20, '2020-06-05 14:40:16', '2020-06-05 14:40:16'),
(187, 'Majalaya', 20, '2020-06-05 14:40:16', '2020-06-05 14:40:16'),
(188, 'Pinggirsari', 20, '2020-06-05 14:40:16', '2020-06-05 14:40:16'),
(189, 'Pangalengan', 20, '2020-06-05 14:40:16', '2020-06-05 14:40:16'),
(190, 'Sukatali', 20, '2020-06-05 14:40:16', '2020-06-05 14:40:16'),
(191, 'Soreang', 20, '2020-06-05 14:40:16', '2020-06-05 14:40:16'),
(192, 'Cibatu', 21, '2020-06-05 14:40:16', '2020-06-05 14:40:16'),
(193, 'Cigedug', 21, '2020-06-05 14:40:16', '2020-06-05 14:40:16'),
(194, 'Cilimus', 21, '2020-06-05 14:40:16', '2020-06-05 14:40:16'),
(195, 'Garut', 21, '2020-06-05 14:40:16', '2020-06-05 14:40:16'),
(196, 'Karangpawitan', 21, '2020-06-05 14:40:16', '2020-06-05 14:40:16'),
(197, 'Kersamanah', 21, '2020-06-05 14:40:16', '2020-06-05 14:40:16'),
(198, 'Malangbong', 21, '2020-06-05 14:40:16', '2020-06-05 14:40:16'),
(199, 'Nyalindung', 21, '2020-06-05 14:40:16', '2020-06-05 14:40:16'),
(200, 'Pameungpeuk', 21, '2020-06-05 14:40:16', '2020-06-05 14:40:16'),
(201, 'Pangauban', 21, '2020-06-05 14:40:16', '2020-06-05 14:40:16'),
(202, 'Samarang', 21, '2020-06-05 14:40:16', '2020-06-05 14:40:16'),
(203, 'Sukamaju', 21, '2020-06-05 14:40:16', '2020-06-05 14:40:16'),
(204, 'Sanding', 21, '2020-06-05 14:40:16', '2020-06-05 14:40:16'),
(205, 'Sukawening', 21, '2020-06-05 14:40:16', '2020-06-05 14:40:16'),
(206, 'Wanaraja', 21, '2020-06-05 14:40:16', '2020-06-05 14:40:16'),
(207, 'Bojongsirna', 22, '2020-06-05 14:40:16', '2020-06-05 14:40:16'),
(208, 'Cibalong', 22, '2020-06-05 14:40:16', '2020-06-05 14:40:16'),
(209, 'Citeguh', 22, '2020-06-05 14:40:16', '2020-06-05 14:40:16'),
(210, 'Cigunungtilu', 22, '2020-06-05 14:40:16', '2020-06-05 14:40:16'),
(211, 'Indihiang', 22, '2020-06-05 14:40:16', '2020-06-05 14:40:16'),
(212, 'Kersamaju', 22, '2020-06-05 14:40:16', '2020-06-05 14:40:16'),
(213, 'Kawalu', 22, '2020-06-05 14:40:16', '2020-06-05 14:40:16'),
(214, 'Mayangcinde', 22, '2020-06-05 14:40:16', '2020-06-05 14:40:16'),
(215, 'Nagrak', 22, '2020-06-05 14:40:16', '2020-06-05 14:40:16'),
(216, 'Sukapura', 22, '2020-06-05 14:40:16', '2020-06-05 14:40:16'),
(217, 'Singaparna', 22, '2020-06-05 14:40:16', '2020-06-05 14:40:16'),
(218, 'Sukasari', 22, '2020-06-05 14:40:16', '2020-06-05 14:40:16'),
(219, 'Tasikmalaya', 22, '2020-06-05 14:40:16', '2020-06-05 14:40:16'),
(220, 'Wanasigra', 22, '2020-06-05 14:40:16', '2020-06-05 14:40:16'),
(221, 'Wanasigra Wetan', 22, '2020-06-05 14:40:16', '2020-06-05 14:40:16'),
(222, 'Banjar', 23, '2020-06-05 14:40:16', '2020-06-05 14:40:16'),
(223, 'Banjarsari', 23, '2020-06-05 14:40:16', '2020-06-05 14:40:16'),
(224, 'Cimaragas', 23, '2020-06-05 14:40:16', '2020-06-05 14:40:16'),
(225, 'Ciamis', 23, '2020-06-05 14:40:16', '2020-06-05 14:40:16'),
(226, 'Kalipucang', 23, '2020-06-05 14:40:16', '2020-06-05 14:40:16'),
(227, 'Maparah', 23, '2020-06-05 14:40:16', '2020-06-05 14:40:16'),
(228, 'Pangandaran', 23, '2020-06-05 14:40:16', '2020-06-05 14:40:16'),
(229, 'Parigi', 23, '2020-06-05 14:40:16', '2020-06-05 14:40:16'),
(230, 'Panawangan', 23, '2020-06-05 14:40:16', '2020-06-05 14:40:16'),
(231, 'Sidamulih', 23, '2020-06-05 14:40:16', '2020-06-05 14:40:16'),
(232, 'Cikedung', 24, '2020-06-05 14:40:16', '2020-06-05 14:40:16'),
(233, 'Ciledug', 24, '2020-06-05 14:40:16', '2020-06-05 14:40:16'),
(234, 'Cirebon', 24, '2020-06-05 14:40:16', '2020-06-05 14:40:16'),
(235, 'Indramayu', 24, '2020-06-05 14:40:16', '2020-06-05 14:40:16'),
(236, 'Sekarmulya', 24, '2020-06-05 14:40:16', '2020-06-05 14:40:16'),
(237, 'Kadipaten', 25, '2020-06-05 14:40:16', '2020-06-05 14:40:16'),
(238, 'Kuningan', 25, '2020-06-05 14:40:16', '2020-06-05 14:40:16'),
(239, 'Majalengka', 25, '2020-06-05 14:40:16', '2020-06-05 14:40:16'),
(240, 'Manislor', 25, '2020-06-05 14:40:16', '2020-06-05 14:40:16'),
(241, 'Sadasari', 25, '2020-06-05 14:40:16', '2020-06-05 14:40:16'),
(242, 'Bunijaya', 26, '2020-06-05 14:40:16', '2020-06-05 14:40:16'),
(243, 'Cimahi', 26, '2020-06-05 14:40:16', '2020-06-05 14:40:16'),
(244, 'Cisarua', 26, '2020-06-05 14:40:16', '2020-06-05 14:40:16'),
(245, 'Lembang', 26, '2020-06-05 14:40:16', '2020-06-05 14:40:16'),
(246, 'Maniis', 26, '2020-06-05 14:40:16', '2020-06-05 14:40:16'),
(247, 'Padalarang', 26, '2020-06-05 14:40:16', '2020-06-05 14:40:16'),
(248, 'Purwakarta', 26, '2020-06-05 14:40:16', '2020-06-05 14:40:16'),
(249, 'Rajamandala', 26, '2020-06-05 14:40:16', '2020-06-05 14:40:16'),
(250, 'Subang', 26, '2020-06-05 14:40:16', '2020-06-05 14:40:16'),
(251, 'Brebes', 27, '2020-06-05 14:40:16', '2020-06-05 14:40:16'),
(252, 'Cigintung', 27, '2020-06-05 14:40:16', '2020-06-05 14:40:16'),
(253, 'Cilacap', 27, '2020-06-05 14:40:16', '2020-06-05 14:40:16'),
(254, 'Kedung Banteng', 27, '2020-06-05 14:40:16', '2020-06-05 14:40:16'),
(255, 'Keniten', 27, '2020-06-05 14:40:16', '2020-06-05 14:40:16'),
(256, 'Purwokerto', 27, '2020-06-05 14:40:16', '2020-06-05 14:40:16'),
(257, 'Purbalingga', 27, '2020-06-05 14:40:16', '2020-06-05 14:40:16'),
(258, 'Patimuan', 27, '2020-06-05 14:40:16', '2020-06-05 14:40:16'),
(259, 'Purwokerto Utara', 27, '2020-06-05 14:40:16', '2020-06-05 14:40:16'),
(260, 'Sumbang', 27, '2020-06-05 14:40:16', '2020-06-05 14:40:16'),
(261, 'Tegal', 27, '2020-06-05 14:40:16', '2020-06-05 14:40:16'),
(262, 'Bendungan', 28, '2020-06-05 14:40:16', '2020-06-05 14:40:16'),
(263, 'Banjarnegara', 28, '2020-06-05 14:40:16', '2020-06-05 14:40:16'),
(264, 'Gombong', 27, '2020-06-05 14:40:16', '2020-06-05 14:40:16'),
(265, 'Jengkol', 28, '2020-06-05 14:40:16', '2020-06-05 14:40:16'),
(266, 'Jawaran', 28, '2020-06-05 14:40:16', '2020-06-05 14:40:16'),
(267, 'Bawang', 28, '2020-06-05 14:40:16', '2020-06-05 14:40:16'),
(268, 'Kebumen', 27, '2020-06-05 14:40:16', '2020-06-05 14:40:16'),
(269, 'Lengkong', 28, '2020-06-05 14:40:16', '2020-06-05 14:40:16'),
(270, 'Madukara', 28, '2020-06-05 14:40:16', '2020-06-05 14:40:16'),
(271, 'Pagentan', 28, '2020-06-05 14:40:16', '2020-06-05 14:40:16'),
(272, 'Purworejo', 28, '2020-06-05 14:40:16', '2020-06-05 14:40:16'),
(273, 'Purwareja Klampok', 28, '2020-06-05 14:40:16', '2020-06-05 14:40:16'),
(274, 'Wadas Lintang', 28, '2020-06-05 14:40:16', '2020-06-05 14:40:16'),
(275, 'Wonosari', 28, '2020-06-05 14:40:16', '2020-06-05 14:40:16'),
(276, 'Wonoroto', 28, '2020-06-05 14:40:16', '2020-06-05 14:40:16'),
(277, 'Wonosobo', 28, '2020-06-05 14:40:16', '2020-06-05 14:40:16'),
(278, 'Bawang Utara', 28, '2020-06-05 14:40:16', '2020-06-05 14:40:16'),
(279, 'Magelang', 28, '2020-06-05 14:40:16', '2020-06-05 14:40:16'),
(280, 'Malangsari', 28, '2020-06-05 14:40:16', '2020-06-05 14:40:16'),
(281, 'Temanggung', 28, '2020-06-05 14:40:16', '2020-06-05 14:40:16'),
(282, 'Batang', 29, '2020-06-05 14:40:16', '2020-06-05 14:40:16'),
(283, 'Gemuh', 29, '2020-06-05 14:40:16', '2020-06-05 14:40:16'),
(284, 'Getasan', 29, '2020-06-05 14:40:16', '2020-06-05 14:40:16'),
(285, 'Patean', 29, '2020-06-05 14:40:16', '2020-06-05 14:40:16'),
(286, 'Susukan', 29, '2020-06-05 14:40:16', '2020-06-05 14:40:16'),
(287, 'Salatiga', 29, '2020-06-05 14:40:16', '2020-06-05 14:40:16'),
(288, 'Semarang', 29, '2020-06-05 14:40:16', '2020-06-05 14:40:16'),
(289, 'Solo', 30, '2020-06-05 14:40:16', '2020-06-05 14:40:16'),
(290, 'Tawangmangu', 30, '2020-06-05 14:40:16', '2020-06-05 14:40:16'),
(291, 'Boyolali', 30, '2020-06-05 14:40:16', '2020-06-05 14:40:16'),
(292, 'Gabus (Pati)', 31, '2020-06-05 14:40:16', '2020-06-05 14:40:16'),
(293, 'Gunung Muria', 31, '2020-06-05 14:40:16', '2020-06-05 14:40:16'),
(294, 'Ngaringan', 31, '2020-06-05 14:40:16', '2020-06-05 14:40:16'),
(295, 'Penawangan', 31, '2020-06-05 14:40:16', '2020-06-05 14:40:16'),
(296, 'Gunung Kidul', 32, '2020-06-05 14:40:16', '2020-06-05 14:40:16'),
(297, 'Piyungan', 32, '2020-06-05 14:40:16', '2020-06-05 14:40:16'),
(298, 'Sleman', 32, '2020-06-05 14:40:16', '2020-06-05 14:40:16'),
(299, 'Yogyakarta', 32, '2020-06-05 14:40:16', '2020-06-05 14:40:16'),
(300, 'Benowo', 33, '2020-06-05 14:40:16', '2020-06-05 14:40:16'),
(301, 'Gedangan', 33, '2020-06-05 14:40:16', '2020-06-05 14:40:16'),
(302, 'Gresik', 33, '2020-06-05 14:40:16', '2020-06-05 14:40:16'),
(303, 'Surabaya', 33, '2020-06-05 14:40:16', '2020-06-05 14:40:16'),
(304, 'Taman', 33, '2020-06-05 14:40:16', '2020-06-05 14:40:16'),
(305, 'Tuban (Halqa)', 33, '2020-06-05 14:40:16', '2020-06-05 14:40:16'),
(306, 'Kediri', 34, '2020-06-05 14:40:16', '2020-06-05 14:40:16'),
(307, 'Madiun', 34, '2020-06-05 14:40:16', '2020-06-05 14:40:16'),
(308, 'Magetan', 34, '2020-06-05 14:40:16', '2020-06-05 14:40:16'),
(309, 'Puncu', 34, '2020-06-05 14:40:16', '2020-06-05 14:40:16'),
(310, 'Plosoklaten', 34, '2020-06-05 14:40:16', '2020-06-05 14:40:16'),
(311, 'Tulung Agung', 34, '2020-06-05 14:40:16', '2020-06-05 14:40:16'),
(312, 'Jombang (Halqa)', 34, '2020-06-05 14:40:16', '2020-06-05 14:40:16'),
(313, 'Nganjuk', 34, '2020-06-05 14:40:16', '2020-06-05 14:40:16'),
(314, 'Bangil', 35, '2020-06-05 14:40:16', '2020-06-05 14:40:16'),
(315, 'Jember', 35, '2020-06-05 14:40:16', '2020-06-05 14:40:16'),
(316, 'Malang', 35, '2020-06-05 14:40:16', '2020-06-05 14:40:16'),
(317, 'Banyuwangi (halqa)', 35, '2020-06-05 14:40:16', '2020-06-05 14:40:16'),
(318, 'Situbondo (halqa)', 35, '2020-06-05 14:40:16', '2020-06-05 14:40:16'),
(319, 'Denpasar', 36, '2020-06-05 14:40:16', '2020-06-05 14:40:16'),
(320, 'Penyabangan', 36, '2020-06-05 14:40:16', '2020-06-05 14:40:16'),
(321, 'Singaraja', 36, '2020-06-05 14:40:16', '2020-06-05 14:40:16'),
(322, 'Tejakula', 36, '2020-06-05 14:40:16', '2020-06-05 14:40:16'),
(323, 'Sambi Elen', 37, '2020-06-05 14:40:16', '2020-06-05 14:40:16'),
(324, 'Gegerung', 37, '2020-06-05 14:40:16', '2020-06-05 14:40:16'),
(325, 'Keruak', 37, '2020-06-05 14:40:16', '2020-06-05 14:40:16'),
(326, 'Mataram', 37, '2020-06-05 14:40:16', '2020-06-05 14:40:16'),
(327, 'Paradorato', 37, '2020-06-05 14:40:16', '2020-06-05 14:40:16'),
(328, 'Pancor', 37, '2020-06-05 14:40:16', '2020-06-05 14:40:16'),
(329, 'Bagik Manis', 37, '2020-06-05 14:40:16', '2020-06-05 14:40:16'),
(330, 'Praya', 37, '2020-06-05 14:40:16', '2020-06-05 14:40:16'),
(331, 'Rembuah', 37, '2020-06-05 14:40:16', '2020-06-05 14:40:16'),
(332, 'Sukamulya', 37, '2020-06-05 14:40:16', '2020-06-05 14:40:16'),
(333, 'Sumbawa', 37, '2020-06-05 14:40:16', '2020-06-05 14:40:16'),
(334, 'Pulau Moyo (Halqa)', 37, '2020-06-05 14:40:16', '2020-06-05 14:40:16'),
(335, 'Sembalun', 37, '2020-06-05 14:40:16', '2020-06-05 14:40:16'),
(336, 'Medas Sambelia', 37, '2020-06-05 14:40:16', '2020-06-05 14:40:16'),
(337, 'Alor', 38, '2020-06-05 14:40:16', '2020-06-05 14:40:16'),
(338, 'Dili', 38, '2020-06-05 14:40:16', '2020-06-05 14:40:16'),
(339, 'Kupang', 38, '2020-06-05 14:40:16', '2020-06-05 14:40:16'),
(340, 'Lembata (halqa)', 38, '2020-06-05 14:40:16', '2020-06-05 14:40:16'),
(341, 'Atambua (halqa)', 38, '2020-06-05 14:40:16', '2020-06-05 14:40:16'),
(342, 'Ende (halqa)', 38, '2020-06-05 14:40:16', '2020-06-05 14:40:16'),
(343, 'Timor Tengah Selatan', 38, '2020-06-05 14:40:16', '2020-06-05 14:40:16'),
(344, 'Pontianak', 39, '2020-06-05 14:40:16', '2020-06-05 14:40:16'),
(345, 'Ketapang (halqa)', 39, '2020-06-05 14:40:16', '2020-06-05 14:40:16'),
(346, 'Penyelimau Jaya', 40, '2020-06-05 14:40:16', '2020-06-05 14:40:16'),
(347, 'Entikong (halqa)', 40, '2020-06-05 14:40:16', '2020-06-05 14:40:16'),
(348, 'Balaigana', 40, '2020-06-05 14:40:16', '2020-06-05 14:40:16'),
(349, 'Sintang', 40, '2020-06-05 14:40:16', '2020-06-05 14:40:16'),
(350, 'Andeng', 41, '2020-06-05 14:40:16', '2020-06-05 14:40:16'),
(351, 'Bengkayang', 41, '2020-06-05 14:40:16', '2020-06-05 14:40:16'),
(352, 'Kampung Anam', 41, '2020-06-05 14:40:16', '2020-06-05 14:40:16'),
(353, 'Banjarmasin', 42, '2020-06-05 14:40:16', '2020-06-05 14:40:16'),
(354, 'Palaihari', 42, '2020-06-05 14:40:16', '2020-06-05 14:40:16'),
(355, 'Sebamban', 42, '2020-06-05 14:40:16', '2020-06-05 14:40:16'),
(356, 'Lamunti', 43, '2020-06-05 14:40:16', '2020-06-05 14:40:16'),
(357, 'Paju Epat', 43, '2020-06-05 14:40:16', '2020-06-05 14:40:16'),
(358, 'Palangkaraya', 43, '2020-06-05 14:40:16', '2020-06-05 14:40:16'),
(359, 'Pangkoh III', 43, '2020-06-05 14:40:16', '2020-06-05 14:40:16'),
(360, 'Tanggul Harapan', 43, '2020-06-05 14:40:16', '2020-06-05 14:40:16'),
(361, 'Pangkalan Bun', 44, '2020-06-05 14:40:16', '2020-06-05 14:40:16'),
(362, 'Sampit', 44, '2020-06-05 14:40:16', '2020-06-05 14:40:16'),
(363, 'Kutai Timur', 45, '2020-06-05 14:40:16', '2020-06-05 14:40:16'),
(364, 'Melak', 45, '2020-06-05 14:40:16', '2020-06-05 14:40:16'),
(365, 'Mook Manaar', 45, '2020-06-05 14:40:16', '2020-06-05 14:40:16'),
(366, 'Samarinda', 45, '2020-06-05 14:40:16', '2020-06-05 14:40:16'),
(367, 'Bontang', 46, '2020-06-05 14:40:16', '2020-06-05 14:40:16'),
(368, 'Berau', 46, '2020-06-05 14:40:16', '2020-06-05 14:40:16'),
(369, 'Tanjung Selor (halqa)', 46, '2020-06-05 14:40:16', '2020-06-05 14:40:16'),
(370, 'Nunukan (halqa)', 46, '2020-06-05 14:40:16', '2020-06-05 14:40:16'),
(371, 'Tarakan', 46, '2020-06-05 14:40:16', '2020-06-05 14:40:16'),
(372, 'Balikpapan', 47, '2020-06-05 14:40:16', '2020-06-05 14:40:16'),
(373, 'Tanah Grogot', 47, '2020-06-05 14:40:16', '2020-06-05 14:40:16'),
(374, 'Bulukumba', 48, '2020-06-05 14:40:16', '2020-06-05 14:40:16'),
(375, 'Gowa', 48, '2020-06-05 14:40:16', '2020-06-05 14:40:16'),
(376, 'Jeneponto', 48, '2020-06-05 14:40:16', '2020-06-05 14:40:16'),
(377, 'Makassar', 48, '2020-06-05 14:40:16', '2020-06-05 14:40:16'),
(378, 'Takalar', 48, '2020-06-05 14:40:16', '2020-06-05 14:40:16'),
(379, 'Selayar (Halqa)', 48, '2020-06-05 14:40:16', '2020-06-05 14:40:16'),
(380, 'Selayar (Halqa)', 48, '2020-06-05 14:40:16', '2020-06-05 14:40:16'),
(381, 'Selayar (Halqa)', 48, '2020-06-05 14:40:16', '2020-06-05 14:40:16'),
(382, 'Pare-Pare', 49, '2020-06-05 14:40:16', '2020-06-05 14:40:16'),
(383, 'Tonra', 49, '2020-06-05 14:40:16', '2020-06-05 14:40:16'),
(384, 'Wajo', 49, '2020-06-05 14:40:16', '2020-06-05 14:40:16'),
(385, 'Luwu Utara', 50, '2020-06-05 14:40:16', '2020-06-05 14:40:16'),
(386, 'Polewali Mandar', 51, '2020-06-05 14:40:16', '2020-06-05 14:40:16'),
(387, 'Mamuju (halqa)', 51, '2020-06-05 14:40:16', '2020-06-05 14:40:16'),
(388, 'Pasang Kayu', 51, '2020-06-05 14:40:16', '2020-06-05 14:40:16'),
(389, 'Ahuaolano-Konda', 52, '2020-06-05 14:40:16', '2020-06-05 14:40:16'),
(390, 'Bau-bau', 52, '2020-06-05 14:40:16', '2020-06-05 14:40:16'),
(391, 'Wolasi-Konda', 52, '2020-06-05 14:40:16', '2020-06-05 14:40:16'),
(392, 'Kondoano', 52, '2020-06-05 14:40:16', '2020-06-05 14:40:16'),
(393, 'Kendari', 52, '2020-06-05 14:40:16', '2020-06-05 14:40:16'),
(394, 'Koronua', 52, '2020-06-05 14:40:16', '2020-06-05 14:40:16'),
(395, 'Ladongi', 52, '2020-06-05 14:40:16', '2020-06-05 14:40:16'),
(396, 'Landono/Mowila', 52, '2020-06-05 14:40:16', '2020-06-05 14:40:16'),
(397, 'Morosi', 52, '2020-06-05 14:40:16', '2020-06-05 14:40:16'),
(398, 'Masagena', 52, '2020-06-05 14:40:16', '2020-06-05 14:40:16'),
(399, 'Muna', 52, '2020-06-05 14:40:16', '2020-06-05 14:40:16'),
(400, 'Ngapaha', 52, '2020-06-05 14:40:16', '2020-06-05 14:40:16'),
(401, 'Poasia', 52, '2020-06-05 14:40:16', '2020-06-05 14:40:16'),
(402, 'Pasar Wajo', 52, '2020-06-05 14:40:16', '2020-06-05 14:40:16'),
(403, 'Sambahule', 52, '2020-06-05 14:40:16', '2020-06-05 14:40:16'),
(404, 'Tinanggea', 52, '2020-06-05 14:40:16', '2020-06-05 14:40:16'),
(405, 'Tetesingi', 52, '2020-06-05 14:40:16', '2020-06-05 14:40:16'),
(406, 'Wakatobi (Halqa)', 52, '2020-06-05 14:40:16', '2020-06-05 14:40:16'),
(407, 'Andolo (halqa)', 52, '2020-06-05 14:40:16', '2020-06-05 14:40:16'),
(408, 'Palu', 53, '2020-06-05 14:40:16', '2020-06-05 14:40:16'),
(409, 'Poso', 53, '2020-06-05 14:40:16', '2020-06-05 14:40:16'),
(410, 'Sigi Biromaru', 53, '2020-06-05 14:40:16', '2020-06-05 14:40:16'),
(411, 'Tarans Tiloan', 53, '2020-06-05 14:40:16', '2020-06-05 14:40:16'),
(412, 'Kotamobagu', 54, '2020-06-05 14:40:16', '2020-06-05 14:40:16'),
(413, 'Konarom', 54, '2020-06-05 14:40:16', '2020-06-05 14:40:16'),
(414, 'Kosinggolan', 54, '2020-06-05 14:40:16', '2020-06-05 14:40:16'),
(415, 'Lolak', 54, '2020-06-05 14:40:16', '2020-06-05 14:40:16'),
(416, 'Bolaangitang', 54, '2020-06-05 14:40:16', '2020-06-05 14:40:16'),
(417, 'Manado', 55, '2020-06-05 14:40:16', '2020-06-05 14:40:16'),
(418, 'Sea Minahasa', 55, '2020-06-05 14:40:16', '2020-06-05 14:40:16'),
(419, 'Gorontalo', 56, '2020-06-05 14:40:16', '2020-06-05 14:40:16'),
(420, 'Marissa (Halqa)', 56, '2020-06-05 14:40:16', '2020-06-05 14:40:16'),
(421, 'Pulau Buru', 57, '2020-06-05 14:40:16', '2020-06-05 14:40:16'),
(422, 'Waisili', 57, '2020-06-05 14:40:16', '2020-06-05 14:40:16'),
(423, 'Aru (Halqa)', 57, '2020-06-05 14:40:16', '2020-06-05 14:40:16'),
(424, 'Seram Barat (Halqa)', 57, '2020-06-05 14:40:16', '2020-06-05 14:40:16'),
(425, 'Gemba, Bula (Halqa)', 57, '2020-06-05 14:40:16', '2020-06-05 14:40:16'),
(426, 'Ambon', 57, '2020-06-05 14:40:16', '2020-06-05 14:40:16'),
(427, 'Tobelo (halqa)', 58, '2020-06-05 14:40:16', '2020-06-05 14:40:16'),
(428, 'Morotai (halqa)', 58, '2020-06-05 14:40:16', '2020-06-05 14:40:16'),
(429, 'Ternate', 58, '2020-06-05 14:40:16', '2020-06-05 14:40:16'),
(430, 'Sofifi (Halqa)', 58, '2020-06-05 14:40:16', '2020-06-05 14:40:16'),
(431, 'Kota Merauke', 59, '2020-06-05 14:40:16', '2020-06-05 14:40:16'),
(432, 'Kurik Merauke', 59, '2020-06-05 14:40:16', '2020-06-05 14:40:16'),
(433, 'Jagebob', 59, '2020-06-05 14:40:16', '2020-06-05 14:40:16'),
(434, 'Jayapura', 59, '2020-06-05 14:40:16', '2020-06-05 14:40:16'),
(435, 'Kota Sorong', 60, '2020-06-05 14:40:16', '2020-06-05 14:40:16'),
(436, 'Fakfak (Halqa)', 60, '2020-06-05 14:40:16', '2020-06-05 14:40:16'),
(437, 'Kaimana (Halqa)', 60, '2020-06-05 14:40:16', '2020-06-05 14:40:16'),
(438, 'Manokwari', 60, '2020-06-05 14:40:16', '2020-06-05 14:40:16'),
(439, 'Wedoni (Halqa)', 60, '2020-06-05 14:40:16', '2020-06-05 14:40:16'),
(440, 'Manokwari Selatan', 60, '2020-06-05 14:40:16', '2020-06-05 14:40:16'),
(441, 'Headquarter', 61, '2020-06-05 14:40:16', '2020-06-05 14:40:16'),
(442, 'Kemang', 61, '2020-06-05 14:40:16', '2020-06-05 14:40:16');

-- --------------------------------------------------------

--
-- Table structure for table `users`
--

CREATE TABLE `users` (
  `id` bigint(20) NOT NULL,
  `nama` varchar(255) DEFAULT NULL,
  `cabang_id` varchar(255) DEFAULT NULL,
  `wilayah_id` varchar(255) DEFAULT NULL,
  `badan` set('Ansharullah','Khuddam','Lajnah Imaillah') DEFAULT NULL,
  `telp` varchar(20) NOT NULL,
  `ket` varchar(255) DEFAULT NULL,
  `created_at` timestamp NOT NULL DEFAULT current_timestamp(),
  `updated_at` timestamp NOT NULL DEFAULT current_timestamp()
) ENGINE=InnoDB DEFAULT CHARSET=utf8mb4;

--
-- Dumping data for table `users`
--

INSERT INTO `users` (`id`, `nama`, `cabang_id`, `wilayah_id`, `badan`, `telp`, `ket`, `created_at`, `updated_at`) VALUES
(1, 'Eneng Sriwati', '239', '25', 'Lajnah Imaillah', '087747967072', NULL, '0000-00-00 00:00:00', '0000-00-00 00:00:00'),
(2, 'Yogi Haryanto', '239', '25', 'Khuddam', '0895322223211', NULL, '0000-00-00 00:00:00', '0000-00-00 00:00:00'),
(3, 'Niawati', '135', '17', 'Lajnah Imaillah', '085697474840', NULL, '0000-00-00 00:00:00', '0000-00-00 00:00:00'),
(6, 'Tirman Suryani', '236', '24', 'Ansharullah', '083823758740', NULL, '0000-00-00 00:00:00', '0000-00-00 00:00:00'),
(7, 'Cecep Subroto Manggala', '232', '24', 'Khuddam', '01131267459', NULL, '0000-00-00 00:00:00', '0000-00-00 00:00:00'),
(8, 'Sakir', '236', '24', 'Ansharullah', '081373266737', NULL, '0000-00-00 00:00:00', '0000-00-00 00:00:00'),
(10, 'Cucu Kurniati', '177', '19', 'Lajnah Imaillah', '085797903764', NULL, '0000-00-00 00:00:00', '0000-00-00 00:00:00'),
(11, 'Desi Nurhayati', '177', '19', 'Lajnah Imaillah', '082318127182', NULL, '0000-00-00 00:00:00', '0000-00-00 00:00:00'),
(12, 'Yuliani', '240', '25', 'Lajnah Imaillah', '0895331022058', NULL, '0000-00-00 00:00:00', '0000-00-00 00:00:00'),
(13, 'Rudianto', '301', '33', 'Khuddam', '082156764272', NULL, '0000-00-00 00:00:00', '0000-00-00 00:00:00'),
(14, 'Dedy Setyawan', '301', '33', 'Khuddam', '081234832614', NULL, '0000-00-00 00:00:00', '0000-00-00 00:00:00'),
(16, 'Muhammad Aziz', '301', '33', 'Khuddam', '081216119187', NULL, '0000-00-00 00:00:00', '0000-00-00 00:00:00'),
(17, 'Muhammad Rizal Arif', '301', '33', 'Khuddam', '085735206605', NULL, '0000-00-00 00:00:00', '0000-00-00 00:00:00'),
(18, 'Sangkala', '376', '48', 'Ansharullah', '082336623998', NULL, '0000-00-00 00:00:00', '0000-00-00 00:00:00'),
(19, 'Ayu Setia Lestari', '161', '19', 'Lajnah Imaillah', '085624174448', NULL, '0000-00-00 00:00:00', '0000-00-00 00:00:00'),
(20, 'Sumarti', '240', '25', 'Lajnah Imaillah', '083872633699', NULL, '0000-00-00 00:00:00', '0000-00-00 00:00:00'),
(21, 'Indah Praptiwi', '288', '29', 'Lajnah Imaillah', '08125361475', NULL, '0000-00-00 00:00:00', '0000-00-00 00:00:00'),
(22, 'Vicky Yunita', '240', '25', 'Lajnah Imaillah', '089664236332', NULL, '0000-00-00 00:00:00', '0000-00-00 00:00:00'),
(23, 'Suciarti', '377', '48', 'Lajnah Imaillah', '082293136143', NULL, '0000-00-00 00:00:00', '0000-00-00 00:00:00'),
(24, 'Nn. Riri Nurhalimah', '185', '20', 'Lajnah Imaillah', '081312422747', NULL, '0000-00-00 00:00:00', '0000-00-00 00:00:00'),
(25, 'Munirah', '118', '15', 'Lajnah Imaillah', '08976557967', NULL, '0000-00-00 00:00:00', '0000-00-00 00:00:00'),
(26, 'Ny.Yeti', '185', '20', 'Lajnah Imaillah', '081222552651', NULL, '0000-00-00 00:00:00', '0000-00-00 00:00:00'),
(27, 'Elen', '240', '25', 'Lajnah Imaillah', '0896282049', NULL, '0000-00-00 00:00:00', '0000-00-00 00:00:00'),
(28, 'Heri Haeriyah', '240', '25', 'Lajnah Imaillah', '089667357109', NULL, '0000-00-00 00:00:00', '0000-00-00 00:00:00'),
(29, 'Salwa Gita Ramadhanty', '185', '20', 'Lajnah Imaillah', '081324117211', NULL, '0000-00-00 00:00:00', '0000-00-00 00:00:00'),
(30, 'Ny Nella Rosmila', '185', '20', 'Lajnah Imaillah', '081221638579', NULL, '0000-00-00 00:00:00', '0000-00-00 00:00:00'),
(31, 'Rachmatunisa Nurain', '117', '15', 'Lajnah Imaillah', '085714405766', NULL, '0000-00-00 00:00:00', '0000-00-00 00:00:00'),
(32, 'Siti Halimah', '102', '13', 'Lajnah Imaillah', '085212384519', NULL, '0000-00-00 00:00:00', '0000-00-00 00:00:00'),
(33, 'Rukmi Rahayu', '132', '17', 'Lajnah Imaillah', '081213843557', NULL, '0000-00-00 00:00:00', '0000-00-00 00:00:00'),
(35, 'Netti Hariyani', '118', '15', 'Lajnah Imaillah', '081319687447', NULL, '0000-00-00 00:00:00', '0000-00-00 00:00:00'),
(36, 'Dian Lestari', '132', '17', 'Lajnah Imaillah', '081293955501', NULL, '0000-00-00 00:00:00', '0000-00-00 00:00:00'),
(37, 'Bella Puspita Sari', '102', '13', 'Lajnah Imaillah', '08973231907', NULL, '0000-00-00 00:00:00', '0000-00-00 00:00:00'),
(38, 'Yuyun Sandra', '243', '26', 'Lajnah Imaillah', '081931422769', NULL, '0000-00-00 00:00:00', '0000-00-00 00:00:00'),
(39, 'Uning Rasminingrum', '169', '19', 'Lajnah Imaillah', '089658145743', NULL, '0000-00-00 00:00:00', '0000-00-00 00:00:00'),
(40, 'Sumiati', '402', '52', 'Lajnah Imaillah', '082124247092', NULL, '0000-00-00 00:00:00', '0000-00-00 00:00:00'),
(41, 'Irmawati', '223', '23', 'Lajnah Imaillah', '082298078284', NULL, '0000-00-00 00:00:00', '0000-00-00 00:00:00'),
(42, 'Erna', '438', '60', 'Lajnah Imaillah', '081240669731', NULL, '0000-00-00 00:00:00', '0000-00-00 00:00:00'),
(43, 'Filda Namiyyah', '438', '60', 'Lajnah Imaillah', '081344477605', NULL, '0000-00-00 00:00:00', '0000-00-00 00:00:00'),
(44, 'Olis', '135', '17', 'Lajnah Imaillah', '085882795994', NULL, '0000-00-00 00:00:00', '0000-00-00 00:00:00'),
(45, 'Marina', '62', '8', 'Lajnah Imaillah', '081373182545', NULL, '0000-00-00 00:00:00', '0000-00-00 00:00:00'),
(46, 'Ani Rohani', '219', '22', 'Lajnah Imaillah', '082320304616', NULL, '0000-00-00 00:00:00', '0000-00-00 00:00:00'),
(47, 'Eni Rohaeni', '243', '26', 'Lajnah Imaillah', '082117118549', NULL, '0000-00-00 00:00:00', '0000-00-00 00:00:00'),
(48, 'Reni Yuliani', '240', '25', 'Lajnah Imaillah', '081321191369', NULL, '0000-00-00 00:00:00', '0000-00-00 00:00:00'),
(49, 'Novalis Van Solang', '419', '56', 'Lajnah Imaillah', '085256322778', NULL, '0000-00-00 00:00:00', '0000-00-00 00:00:00'),
(50, 'Wiwit Setiawati', '120', '15', 'Lajnah Imaillah', '087875332167', NULL, '0000-00-00 00:00:00', '0000-00-00 00:00:00'),
(51, 'Puspita Rati', '120', '15', 'Lajnah Imaillah', '087872853415', NULL, '0000-00-00 00:00:00', '0000-00-00 00:00:00'),
(52, 'Marnia', '120', '15', 'Lajnah Imaillah', '085215515366', NULL, '0000-00-00 00:00:00', '0000-00-00 00:00:00'),
(53, 'Deri Bufi Setiawan', '120', '15', 'Khuddam', '088232171058', NULL, '0000-00-00 00:00:00', '0000-00-00 00:00:00'),
(54, 'Ruslan La Laoja', '120', '15', 'Khuddam', '081218477583', NULL, '0000-00-00 00:00:00', '0000-00-00 00:00:00'),
(55, 'Rafiun', '120', '15', 'Khuddam', '085893272998', NULL, '0000-00-00 00:00:00', '0000-00-00 00:00:00'),
(56, 'Edi Suhendi', '120', '15', 'Ansharullah', '081394576797', NULL, '0000-00-00 00:00:00', '0000-00-00 00:00:00'),
(59, 'Sucita Halena Balqis', '109', '14', 'Lajnah Imaillah', '081394575001', NULL, '0000-00-00 00:00:00', '0000-00-00 00:00:00'),
(60, 'Siti Hodijah', '243', '26', 'Lajnah Imaillah', '087834994340', NULL, '0000-00-00 00:00:00', '0000-00-00 00:00:00'),
(61, 'Teti Maryati', '203', '21', 'Lajnah Imaillah', '082320877243', NULL, '0000-00-00 00:00:00', '0000-00-00 00:00:00'),
(62, 'Nurfadilla', '138', '17', 'Lajnah Imaillah', '089638173411', NULL, '0000-00-00 00:00:00', '0000-00-00 00:00:00'),
(63, 'Bening Ismawati', '138', '17', 'Lajnah Imaillah', '08111191331', NULL, '0000-00-00 00:00:00', '0000-00-00 00:00:00'),
(64, 'Lismah Sari', '220', '22', 'Lajnah Imaillah', '089611343108', NULL, '0000-00-00 00:00:00', '0000-00-00 00:00:00'),
(65, 'Robin', '114', '14', 'Ansharullah', '085885154690', NULL, '0000-00-00 00:00:00', '0000-00-00 00:00:00'),
(66, 'Cahyo', '114', '14', 'Ansharullah', '062816783880', NULL, '0000-00-00 00:00:00', '0000-00-00 00:00:00'),
(67, 'Icih', '98', '13', 'Lajnah Imaillah', '081383295851', NULL, '0000-00-00 00:00:00', '0000-00-00 00:00:00'),
(68, 'Dede Nurhayati', '240', '25', 'Lajnah Imaillah', '083808758352', NULL, '0000-00-00 00:00:00', '0000-00-00 00:00:00'),
(69, 'Diana Nur Apriliani', '240', '25', 'Lajnah Imaillah', '081807218221', NULL, '0000-00-00 00:00:00', '0000-00-00 00:00:00'),
(70, 'Samsiah', '161', '19', 'Lajnah Imaillah', '082320506719', NULL, '0000-00-00 00:00:00', '0000-00-00 00:00:00'),
(71, 'Rahma Lavenia', '8', '1', 'Lajnah Imaillah', '082274388187', NULL, '0000-00-00 00:00:00', '0000-00-00 00:00:00'),
(72, 'Sri Susiyanti', '240', '25', 'Lajnah Imaillah', '089660412687', NULL, '0000-00-00 00:00:00', '0000-00-00 00:00:00'),
(73, 'Waslih', '240', '25', 'Lajnah Imaillah', '08990723552', NULL, '0000-00-00 00:00:00', '0000-00-00 00:00:00'),
(74, 'Meliana', '217', '22', 'Lajnah Imaillah', '089526017150', NULL, '0000-00-00 00:00:00', '0000-00-00 00:00:00'),
(75, 'Dede Mutmainah', '102', '13', 'Lajnah Imaillah', '081311432446', NULL, '0000-00-00 00:00:00', '0000-00-00 00:00:00'),
(76, 'Karmi', '99', '13', 'Lajnah Imaillah', '087809558748', NULL, '0000-00-00 00:00:00', '0000-00-00 00:00:00'),
(77, 'Arni Indrawati', '267', '28', 'Lajnah Imaillah', '085290717618', NULL, '0000-00-00 00:00:00', '0000-00-00 00:00:00'),
(78, 'Sisca Febritania', '119', '15', 'Lajnah Imaillah', '082128102682', NULL, '0000-00-00 00:00:00', '0000-00-00 00:00:00'),
(80, 'Siti Nur Aisyah', '267', '28', 'Lajnah Imaillah', '08568886633', NULL, '0000-00-00 00:00:00', '0000-00-00 00:00:00'),
(81, 'Nabilah Hurul Aini', '121', '15', 'Lajnah Imaillah', '082121447990', NULL, '0000-00-00 00:00:00', '0000-00-00 00:00:00'),
(85, 'Anisa Dimyati', '240', '25', 'Lajnah Imaillah', '085778274708', NULL, '0000-00-00 00:00:00', '0000-00-00 00:00:00'),
(86, 'Sri Suryani(Hikmah)', '108', '14', 'Lajnah Imaillah', '085945610330', NULL, '0000-00-00 00:00:00', '0000-00-00 00:00:00'),
(87, 'Lilis Aisyah', '221', '22', 'Lajnah Imaillah', '089636138235', NULL, '0000-00-00 00:00:00', '0000-00-00 00:00:00'),
(88, 'Rosiana Hartini', '373', '47', 'Lajnah Imaillah', '082350484008', NULL, '0000-00-00 00:00:00', '0000-00-00 00:00:00'),
(89, 'Via Ababil', '131', '16', 'Lajnah Imaillah', '085695006021', NULL, '0000-00-00 00:00:00', '0000-00-00 00:00:00'),
(90, 'Santrian', '218', '22', 'Lajnah Imaillah', '082114863118', NULL, '0000-00-00 00:00:00', '0000-00-00 00:00:00'),
(91, 'Didi Rosadi', '240', '25', 'Ansharullah', '0895332067277', NULL, '0000-00-00 00:00:00', '0000-00-00 00:00:00'),
(92, 'Fatimah', '112', '14', 'Lajnah Imaillah', '087885407500', NULL, '0000-00-00 00:00:00', '0000-00-00 00:00:00'),
(93, 'Yuli Yunawati', '112', '14', 'Lajnah Imaillah', '085773760158', NULL, '0000-00-00 00:00:00', '0000-00-00 00:00:00'),
(94, 'Amanda Anggraeni', '108', '14', 'Lajnah Imaillah', '087741130704', NULL, '0000-00-00 00:00:00', '0000-00-00 00:00:00'),
(95, 'Saepul', '240', '25', 'Khuddam', '085320120700', NULL, '0000-00-00 00:00:00', '0000-00-00 00:00:00'),
(96, 'Putri Wulandari', '299', '32', 'Lajnah Imaillah', '081378105976', NULL, '0000-00-00 00:00:00', '0000-00-00 00:00:00'),
(98, 'Nining Sariyati', '183', '20', 'Lajnah Imaillah', '081394965123', NULL, '0000-00-00 00:00:00', '0000-00-00 00:00:00'),
(99, 'Ida Sadjidah Kalsoem', '183', '20', 'Lajnah Imaillah', '082117450864', NULL, '0000-00-00 00:00:00', '0000-00-00 00:00:00'),
(100, 'Margaretha Monica', '250', '26', 'Lajnah Imaillah', '081398533427', NULL, '0000-00-00 00:00:00', '0000-00-00 00:00:00'),
(103, 'Aban Setiawan', '223', '23', 'Khuddam', '085211262956', NULL, '0000-00-00 00:00:00', '0000-00-00 00:00:00'),
(105, 'Linda Safitri', '372', '47', 'Lajnah Imaillah', '081253561709', NULL, '0000-00-00 00:00:00', '0000-00-00 00:00:00'),
(106, 'Ruqoyah', '372', '47', 'Lajnah Imaillah', '081345179126', NULL, '0000-00-00 00:00:00', '0000-00-00 00:00:00'),
(107, 'Maryati', '115', '14', 'Lajnah Imaillah', '081341829287', NULL, '0000-00-00 00:00:00', '0000-00-00 00:00:00'),
(108, 'Sarah', '217', '22', 'Lajnah Imaillah', '085720725030', NULL, '0000-00-00 00:00:00', '0000-00-00 00:00:00'),
(109, 'Wiwin Winarti', '250', '26', 'Lajnah Imaillah', '083124245694', NULL, '0000-00-00 00:00:00', '0000-00-00 00:00:00'),
(110, 'Dike Tira Fiani Kurnia', '115', '14', 'Lajnah Imaillah', '087881834247', NULL, '0000-00-00 00:00:00', '0000-00-00 00:00:00'),
(111, 'Aliati', '390', '52', 'Lajnah Imaillah', '085394022406', NULL, '0000-00-00 00:00:00', '0000-00-00 00:00:00'),
(113, 'Margoni', '105', '14', 'Ansharullah', '0895303179961', NULL, '0000-00-00 00:00:00', '0000-00-00 00:00:00'),
(114, 'Agus Maulana', '105', '14', 'Ansharullah', '083898851679', NULL, '0000-00-00 00:00:00', '0000-00-00 00:00:00'),
(116, 'Darmansyah', '105', '14', 'Khuddam', '0895611495072', NULL, '0000-00-00 00:00:00', '0000-00-00 00:00:00'),
(117, 'Irwan Wijaya', '105', '14', 'Ansharullah', '0895348956498', NULL, '0000-00-00 00:00:00', '0000-00-00 00:00:00'),
(118, 'Ronasih', '223', '23', 'Lajnah Imaillah', '085717136070', NULL, '0000-00-00 00:00:00', '0000-00-00 00:00:00'),
(119, 'Asdedi', '105', '14', 'Khuddam', '081318871959', NULL, '0000-00-00 00:00:00', '0000-00-00 00:00:00'),
(120, 'Satino', '105', '14', 'Ansharullah', '08156509711', NULL, '0000-00-00 00:00:00', '0000-00-00 00:00:00'),
(121, 'Safeih', '105', '14', 'Ansharullah', '081318608507', NULL, '0000-00-00 00:00:00', '0000-00-00 00:00:00'),
(122, 'M. Imron', '105', '14', 'Ansharullah', '087882551008', NULL, '0000-00-00 00:00:00', '0000-00-00 00:00:00'),
(123, 'Asep Hermawan Kartadireja', '109', '14', 'Khuddam', '0628988819705', NULL, '0000-00-00 00:00:00', '0000-00-00 00:00:00'),
(125, 'Rani Lisma Sari', '67', '8', 'Lajnah Imaillah', '081379659118', NULL, '0000-00-00 00:00:00', '0000-00-00 00:00:00'),
(126, 'Haerani Arifin', '396', '52', 'Lajnah Imaillah', '082301023660', NULL, '0000-00-00 00:00:00', '0000-00-00 00:00:00'),
(130, 'Dini Prasetyo Utami', '268', '27', 'Lajnah Imaillah', '087837575780', NULL, '0000-00-00 00:00:00', '0000-00-00 00:00:00'),
(133, 'Sabrina Aulia', '182', '20', 'Lajnah Imaillah', '081320643925', NULL, '0000-00-00 00:00:00', '0000-00-00 00:00:00'),
(134, 'Novianti', '234', '24', 'Lajnah Imaillah', '083823724635', NULL, '0000-00-00 00:00:00', '0000-00-00 00:00:00'),
(135, 'Ai Suryati', '244', '26', 'Lajnah Imaillah', '089656936061', NULL, '0000-00-00 00:00:00', '0000-00-00 00:00:00'),
(136, 'Castiah', '233', '24', 'Lajnah Imaillah', '089652755704', NULL, '0000-00-00 00:00:00', '0000-00-00 00:00:00'),
(137, 'Siti Rania', '442', '61', 'Lajnah Imaillah', '08567222282', NULL, '0000-00-00 00:00:00', '0000-00-00 00:00:00'),
(138, 'Wiwik Wulandari', '301', '33', 'Lajnah Imaillah', '085736033206', NULL, '0000-00-00 00:00:00', '0000-00-00 00:00:00'),
(139, 'Neng Rahmawati', '246', '26', 'Lajnah Imaillah', '083821045605', NULL, '0000-00-00 00:00:00', '0000-00-00 00:00:00'),
(140, 'Juju Julaeha', '105', '14', 'Lajnah Imaillah', '083806612929', NULL, '0000-00-00 00:00:00', '0000-00-00 00:00:00'),
(141, 'Nurul Hikmah', '234', '24', 'Lajnah Imaillah', '081546437153', NULL, '0000-00-00 00:00:00', '0000-00-00 00:00:00'),
(142, 'Dian', '105', '14', 'Lajnah Imaillah', '081284028288', NULL, '0000-00-00 00:00:00', '0000-00-00 00:00:00'),
(143, 'Rohana', '105', '14', 'Lajnah Imaillah', '082133222612', NULL, '0000-00-00 00:00:00', '0000-00-00 00:00:00'),
(144, 'Dewi Susilawati', '244', '26', 'Lajnah Imaillah', '082217336033', NULL, '0000-00-00 00:00:00', '0000-00-00 00:00:00'),
(145, 'Tihamah', '105', '14', 'Lajnah Imaillah', '089531220859', NULL, '0000-00-00 00:00:00', '0000-00-00 00:00:00'),
(146, 'Diana', '105', '14', 'Lajnah Imaillah', '085817215104', NULL, '0000-00-00 00:00:00', '0000-00-00 00:00:00'),
(147, 'Rohima Bela', '240', '25', 'Lajnah Imaillah', '081331724572', NULL, '0000-00-00 00:00:00', '0000-00-00 00:00:00'),
(148, 'Ida Laela', '105', '14', 'Lajnah Imaillah', '081388496719', NULL, '0000-00-00 00:00:00', '0000-00-00 00:00:00'),
(149, 'Asti Hidayati', '117', '15', 'Lajnah Imaillah', '081296955979', NULL, '0000-00-00 00:00:00', '0000-00-00 00:00:00'),
(150, 'Siti Sufriyati', '117', '15', 'Lajnah Imaillah', '08871466460', NULL, '0000-00-00 00:00:00', '0000-00-00 00:00:00'),
(151, 'Inarotul Huda', '117', '15', 'Lajnah Imaillah', '081289092812', NULL, '0000-00-00 00:00:00', '0000-00-00 00:00:00'),
(152, 'Mujiati', '117', '15', 'Lajnah Imaillah', '087701956029', NULL, '0000-00-00 00:00:00', '0000-00-00 00:00:00'),
(154, 'Marmora', '121', '15', 'Lajnah Imaillah', '085782371942', NULL, '0000-00-00 00:00:00', '0000-00-00 00:00:00'),
(155, 'Siti Malikha', '308', '34', 'Lajnah Imaillah', '081231755275', NULL, '0000-00-00 00:00:00', '0000-00-00 00:00:00'),
(157, 'Giharti', '308', '34', 'Lajnah Imaillah', '081233602216', NULL, '0000-00-00 00:00:00', '0000-00-00 00:00:00'),
(158, 'Nunik Fauzia Hidayat', '242', '26', 'Lajnah Imaillah', '083829293342', NULL, '0000-00-00 00:00:00', '0000-00-00 00:00:00'),
(159, 'Ratu Faza Fahira', '242', '26', 'Lajnah Imaillah', '083821592070', NULL, '0000-00-00 00:00:00', '0000-00-00 00:00:00'),
(160, 'Chika Riska Sundari', '244', '26', 'Lajnah Imaillah', '081292487655', NULL, '0000-00-00 00:00:00', '0000-00-00 00:00:00'),
(161, 'Sopyan', '131', '16', 'Ansharullah', '083815398762', NULL, '0000-00-00 00:00:00', '0000-00-00 00:00:00'),
(162, 'Indri Dwiyanti', '117', '15', 'Lajnah Imaillah', '062899652370', NULL, '0000-00-00 00:00:00', '0000-00-00 00:00:00'),
(163, 'Murnisyah', '144', '17', 'Lajnah Imaillah', '082153276267', NULL, '0000-00-00 00:00:00', '0000-00-00 00:00:00'),
(164, 'Meliana', '217', '22', 'Lajnah Imaillah', '081353174018', NULL, '0000-00-00 00:00:00', '0000-00-00 00:00:00'),
(165, 'Aisyah Nazmunisa', '218', '22', 'Lajnah Imaillah', '0881023656630', NULL, '0000-00-00 00:00:00', '0000-00-00 00:00:00'),
(167, 'Elna Triana', '405', '52', 'Lajnah Imaillah', '085974832756', NULL, '0000-00-00 00:00:00', '0000-00-00 00:00:00'),
(168, 'Linda Nurmaliyah', '105', '14', 'Lajnah Imaillah', '087741752929', NULL, '0000-00-00 00:00:00', '0000-00-00 00:00:00'),
(169, 'Praditiya Bagus Dewantara', '184', '20', 'Khuddam', '081321282626', NULL, '0000-00-00 00:00:00', '0000-00-00 00:00:00'),
(170, 'Yoppy Hardhani', '184', '20', 'Ansharullah', '081320490578', NULL, '0000-00-00 00:00:00', '0000-00-00 00:00:00'),
(171, 'Ratu Ritha Garitha', '184', '20', 'Lajnah Imaillah', '081573001046', NULL, '0000-00-00 00:00:00', '0000-00-00 00:00:00'),
(172, 'Rizki Abdurrahman Wahid', '131', '16', 'Khuddam', '081295599664', NULL, '0000-00-00 00:00:00', '0000-00-00 00:00:00'),
(173, 'Ayesha Mb', '184', '20', 'Lajnah Imaillah', '082138377594', NULL, '0000-00-00 00:00:00', '0000-00-00 00:00:00'),
(174, 'Tuminah', '110', '14', 'Lajnah Imaillah', '08986038584', NULL, '0000-00-00 00:00:00', '0000-00-00 00:00:00'),
(175, 'Hartati', '110', '14', 'Lajnah Imaillah', '08978127468', NULL, '0000-00-00 00:00:00', '0000-00-00 00:00:00'),
(176, 'Nurlela', '110', '14', 'Lajnah Imaillah', '081357373560', NULL, '0000-00-00 00:00:00', '0000-00-00 00:00:00'),
(177, 'Erna Pujianti', '110', '14', 'Lajnah Imaillah', '085710319928', NULL, '0000-00-00 00:00:00', '0000-00-00 00:00:00'),
(178, 'Yona Nurunisa', '110', '14', 'Lajnah Imaillah', '089673621495', NULL, '0000-00-00 00:00:00', '0000-00-00 00:00:00'),
(179, '1.Muhamad Kahfi Fadillah.', '244', '26', 'Khuddam', '081219408484', NULL, '0000-00-00 00:00:00', '0000-00-00 00:00:00'),
(180, '2. Dady Sutiardi', '244', '26', 'Khuddam', '08112051292', NULL, '0000-00-00 00:00:00', '0000-00-00 00:00:00'),
(181, '3. Cahyana', '244', '26', 'Khuddam', '081297921914', NULL, '0000-00-00 00:00:00', '0000-00-00 00:00:00'),
(183, 'Ismayanti', '442', '61', 'Lajnah Imaillah', '083890504779', NULL, '0000-00-00 00:00:00', '0000-00-00 00:00:00'),
(184, 'Setia Wati', '182', '20', 'Lajnah Imaillah', '085351525326', NULL, '0000-00-00 00:00:00', '0000-00-00 00:00:00'),
(185, 'Latifa Aulia Sabrina', '182', '20', 'Lajnah Imaillah', '089695952738', NULL, '0000-00-00 00:00:00', '0000-00-00 00:00:00'),
(186, 'Yuyun Yuniarti', '242', '26', 'Lajnah Imaillah', '083878610088', NULL, '0000-00-00 00:00:00', '0000-00-00 00:00:00'),
(187, 'Sri Mardiyati', '351', '41', 'Lajnah Imaillah', '082251924628', NULL, '0000-00-00 00:00:00', '0000-00-00 00:00:00'),
(188, 'Yulan Sari', '215', '22', 'Lajnah Imaillah', '081224367968', NULL, '0000-00-00 00:00:00', '0000-00-00 00:00:00'),
(189, 'Safitri', '256', '27', 'Lajnah Imaillah', '082228282048', NULL, '0000-00-00 00:00:00', '0000-00-00 00:00:00'),
(190, 'Sukmawati', '121', '15', 'Lajnah Imaillah', '081298339664', NULL, '0000-00-00 00:00:00', '0000-00-00 00:00:00'),
(191, 'Rati', '260', '27', 'Lajnah Imaillah', '081215631322', NULL, '0000-00-00 00:00:00', '0000-00-00 00:00:00'),
(192, 'Budi Setiawan', '299', '32', 'Khuddam', '082226881161', NULL, '0000-00-00 00:00:00', '0000-00-00 00:00:00'),
(194, 'Ariyani', '9', '1', 'Lajnah Imaillah', '085315079035', NULL, '0000-00-00 00:00:00', '0000-00-00 00:00:00'),
(195, 'Hendra Mulia', '9', '1', 'Khuddam', '085282618880', NULL, '0000-00-00 00:00:00', '0000-00-00 00:00:00'),
(197, 'Solihin', '180', '20', 'Ansharullah', '082117090061', NULL, '0000-00-00 00:00:00', '0000-00-00 00:00:00'),
(198, 'Satriyo', '127', '16', 'Khuddam', '08987030754', NULL, '0000-00-00 00:00:00', '0000-00-00 00:00:00'),
(199, 'Siti Munawaroh', '240', '25', 'Lajnah Imaillah', '089683719462', NULL, '0000-00-00 00:00:00', '0000-00-00 00:00:00'),
(200, 'Siti Halimah', '240', '25', 'Lajnah Imaillah', '089673825913', NULL, '0000-00-00 00:00:00', '0000-00-00 00:00:00'),
(201, 'Dadan Wardani', '203', '21', 'Ansharullah', '082119775407', NULL, '0000-00-00 00:00:00', '0000-00-00 00:00:00'),
(202, 'Dedi Iskandar', '203', '21', 'Ansharullah', '085314656925', NULL, '0000-00-00 00:00:00', '0000-00-00 00:00:00'),
(203, 'Omas', '203', '21', 'Ansharullah', '08112121663', NULL, '0000-00-00 00:00:00', '0000-00-00 00:00:00'),
(204, 'Rudi Wardhani', '344', '39', 'Ansharullah', '085248904463', NULL, '0000-00-00 00:00:00', '0000-00-00 00:00:00'),
(205, 'Marfuah', '131', '16', 'Lajnah Imaillah', '089508912581', NULL, '0000-00-00 00:00:00', '0000-00-00 00:00:00'),
(206, 'Jaja Budi', '203', '21', 'Ansharullah', '082318201377', NULL, '0000-00-00 00:00:00', '0000-00-00 00:00:00'),
(207, 'Mamay', '203', '21', 'Ansharullah', '08532174393', NULL, '0000-00-00 00:00:00', '0000-00-00 00:00:00'),
(208, 'Aa Suparman', '206', '21', 'Ansharullah', '081320570273', NULL, '0000-00-00 00:00:00', '0000-00-00 00:00:00'),
(209, 'Suraya', '344', '39', 'Lajnah Imaillah', '089604978239', NULL, '0000-00-00 00:00:00', '0000-00-00 00:00:00'),
(210, 'Sabhan', '240', '25', 'Khuddam', '082117906203', NULL, '0000-00-00 00:00:00', '0000-00-00 00:00:00'),
(211, 'Sabit', '240', '25', 'Ansharullah', '083865370692', NULL, '0000-00-00 00:00:00', '0000-00-00 00:00:00'),
(212, 'Yuyun M', '223', '23', 'Lajnah Imaillah', '085224080039', NULL, '0000-00-00 00:00:00', '0000-00-00 00:00:00'),
(214, 'Herman Bobby', '112', '14', 'Ansharullah', '081905060330', NULL, '0000-00-00 00:00:00', '0000-00-00 00:00:00'),
(216, 'Siti Jaenab', '129', '16', 'Lajnah Imaillah', '083128242970', NULL, '0000-00-00 00:00:00', '0000-00-00 00:00:00'),
(217, 'Fatul Mu\'In', '243', '26', 'Khuddam', '081224273914', NULL, '0000-00-00 00:00:00', '0000-00-00 00:00:00'),
(221, 'Patajuddin', '434', '59', 'Ansharullah', '085213332842', NULL, '0000-00-00 00:00:00', '0000-00-00 00:00:00'),
(225, 'Sixnal Sasmitaming Ari', '319', '36', 'Khuddam', '082247839245', NULL, '0000-00-00 00:00:00', '0000-00-00 00:00:00'),
(226, 'Milawati Krisna', '102', '13', 'Lajnah Imaillah', '083872622703', NULL, '0000-00-00 00:00:00', '0000-00-00 00:00:00'),
(227, 'Nurlaila', '118', '15', 'Lajnah Imaillah', '085719108918', NULL, '0000-00-00 00:00:00', '0000-00-00 00:00:00'),
(228, 'Julita', '373', '47', 'Lajnah Imaillah', '085263083613', NULL, '0000-00-00 00:00:00', '0000-00-00 00:00:00'),
(229, 'Nuraini', '373', '47', 'Lajnah Imaillah', '081362286715', NULL, '0000-00-00 00:00:00', '0000-00-00 00:00:00'),
(230, 'Murniati', '373', '47', 'Lajnah Imaillah', '082284673052', NULL, '0000-00-00 00:00:00', '0000-00-00 00:00:00'),
(232, 'Desi Fitriani Nurfatunisa', '204', '21', 'Lajnah Imaillah', '083174757829', NULL, '0000-00-00 00:00:00', '0000-00-00 00:00:00'),
(233, 'Supi Harningsih', '126', '16', 'Lajnah Imaillah', '083878300534', NULL, '0000-00-00 00:00:00', '0000-00-00 00:00:00'),
(234, 'Aep Saepulloh', '220', '22', 'Ansharullah', '081287742461', NULL, '0000-00-00 00:00:00', '0000-00-00 00:00:00'),
(235, 'Ety', '372', '47', 'Lajnah Imaillah', '081349473710', NULL, '0000-00-00 00:00:00', '0000-00-00 00:00:00'),
(236, 'Ngadino', '6', '1', 'Khuddam', '082163277562', NULL, '0000-00-00 00:00:00', '0000-00-00 00:00:00'),
(237, 'Zulaiha', '6', '1', 'Lajnah Imaillah', '082366090337', NULL, '0000-00-00 00:00:00', '0000-00-00 00:00:00'),
(240, 'Ghalsa Rizki Maulana', '1', '1', 'Khuddam', '085262843383', NULL, '0000-00-00 00:00:00', '0000-00-00 00:00:00'),
(241, 'Agha Zafir Mubarak', '1', '1', 'Khuddam', '081269681962', NULL, '0000-00-00 00:00:00', '0000-00-00 00:00:00'),
(242, 'Ramlan Gunawan', '6', '1', 'Khuddam', '082167129292', NULL, '0000-00-00 00:00:00', '0000-00-00 00:00:00'),
(243, 'Zaskia Ayunda', '118', '15', 'Lajnah Imaillah', '081314384050', NULL, '0000-00-00 00:00:00', '0000-00-00 00:00:00'),
(244, 'Wawan Kuswandi', '240', '25', 'Ansharullah', '085324384330', NULL, '0000-00-00 00:00:00', '0000-00-00 00:00:00'),
(245, 'Peri Ngatiman', '240', '25', 'Ansharullah', '087729411089', NULL, '0000-00-00 00:00:00', '0000-00-00 00:00:00'),
(247, 'Indri Purnama Putri', '319', '36', 'Lajnah Imaillah', '081234201980', NULL, '0000-00-00 00:00:00', '0000-00-00 00:00:00'),
(248, 'Iqbal Masril Janaik', '50', '6', 'Khuddam', '085273426190', NULL, '0000-00-00 00:00:00', '0000-00-00 00:00:00'),
(249, 'Nanda Divani A.', '240', '25', 'Lajnah Imaillah', '082115075305', NULL, '0000-00-00 00:00:00', '0000-00-00 00:00:00'),
(250, 'Selvi Nur Aliffah', '202', '21', 'Lajnah Imaillah', '085693019135', NULL, '0000-00-00 00:00:00', '0000-00-00 00:00:00'),
(251, 'Angga', '124', '15', 'Khuddam', '087786123187', NULL, '0000-00-00 00:00:00', '0000-00-00 00:00:00'),
(252, 'Santi', '124', '15', 'Lajnah Imaillah', '083871562761', NULL, '0000-00-00 00:00:00', '0000-00-00 00:00:00'),
(253, 'Theresia Widiastuti', '288', '29', 'Lajnah Imaillah', '082314188785', NULL, '0000-00-00 00:00:00', '0000-00-00 00:00:00'),
(254, 'Dewi Nuranisa', '207', '22', 'Lajnah Imaillah', '085352550175', NULL, '0000-00-00 00:00:00', '0000-00-00 00:00:00'),
(255, 'Rinaldi Ahmad', '8', '1', 'Khuddam', '082276268004', NULL, '0000-00-00 00:00:00', '0000-00-00 00:00:00'),
(256, 'Nenden Siti Zahrawaani', '144', '17', 'Lajnah Imaillah', '08129460518', NULL, '0000-00-00 00:00:00', '0000-00-00 00:00:00'),
(262, 'Alyatul Jannah', '135', '17', 'Lajnah Imaillah', '085691099351', NULL, '0000-00-00 00:00:00', '0000-00-00 00:00:00');

-- --------------------------------------------------------

--
-- Table structure for table `wilayah`
--

CREATE TABLE `wilayah` (
  `id` bigint(20) NOT NULL,
  `nama` varchar(255) DEFAULT NULL,
  `created_at` timestamp NOT NULL DEFAULT current_timestamp(),
  `updated_at` timestamp NOT NULL DEFAULT current_timestamp()
) ENGINE=InnoDB DEFAULT CHARSET=utf8mb4;

--
-- Dumping data for table `wilayah`
--

INSERT INTO `wilayah` (`id`, `nama`, `created_at`, `updated_at`) VALUES
(1, 'Sumatera Utara-01', '0000-00-00 00:00:00', '0000-00-00 00:00:00'),
(2, 'Sumatera Utara-02', '0000-00-00 00:00:00', '0000-00-00 00:00:00'),
(3, 'Riau-01', '0000-00-00 00:00:00', '0000-00-00 00:00:00'),
(4, 'Riau-02', '0000-00-00 00:00:00', '0000-00-00 00:00:00'),
(5, 'Kep. Riau', '0000-00-00 00:00:00', '0000-00-00 00:00:00'),
(6, 'Sumatera Barat-01', '0000-00-00 00:00:00', '0000-00-00 00:00:00'),
(7, 'Sumatera Barat-02', '0000-00-00 00:00:00', '0000-00-00 00:00:00'),
(8, 'Jambi', '0000-00-00 00:00:00', '0000-00-00 00:00:00'),
(9, 'Sumatera Selatan', '0000-00-00 00:00:00', '0000-00-00 00:00:00'),
(10, 'Bengkulu', '0000-00-00 00:00:00', '0000-00-00 00:00:00'),
(11, 'Bangka Belitung', '0000-00-00 00:00:00', '0000-00-00 00:00:00'),
(12, 'Lampung', '0000-00-00 00:00:00', '0000-00-00 00:00:00'),
(13, 'Banten-01', '0000-00-00 00:00:00', '0000-00-00 00:00:00'),
(14, 'Banten-02', '0000-00-00 00:00:00', '0000-00-00 00:00:00'),
(15, 'DKI Jakarta', '0000-00-00 00:00:00', '0000-00-00 00:00:00'),
(16, 'Jawa Barat-01', '0000-00-00 00:00:00', '0000-00-00 00:00:00'),
(17, 'Jawa Barat-02', '0000-00-00 00:00:00', '0000-00-00 00:00:00'),
(18, 'Jawa Barat-03', '0000-00-00 00:00:00', '0000-00-00 00:00:00'),
(19, 'Jawa Barat-04', '0000-00-00 00:00:00', '0000-00-00 00:00:00'),
(20, 'Jawa Barat-05', '0000-00-00 00:00:00', '0000-00-00 00:00:00'),
(21, 'Jawa Barat-06', '0000-00-00 00:00:00', '0000-00-00 00:00:00'),
(22, 'Jawa Barat-07', '0000-00-00 00:00:00', '0000-00-00 00:00:00'),
(23, 'Jawa Barat-08', '0000-00-00 00:00:00', '0000-00-00 00:00:00'),
(24, 'Jawa Barat-09', '0000-00-00 00:00:00', '0000-00-00 00:00:00'),
(25, 'Jawa Barat-10', '0000-00-00 00:00:00', '0000-00-00 00:00:00'),
(26, 'Jawa Barat-11', '0000-00-00 00:00:00', '0000-00-00 00:00:00'),
(27, 'Jawa Tengah-01', '0000-00-00 00:00:00', '0000-00-00 00:00:00'),
(28, 'Jawa Tengah-02', '0000-00-00 00:00:00', '0000-00-00 00:00:00'),
(29, 'Jawa Tengah-03', '0000-00-00 00:00:00', '0000-00-00 00:00:00'),
(30, 'Jawa Tengah-04', '0000-00-00 00:00:00', '0000-00-00 00:00:00'),
(31, 'Jawa Tengah-05', '0000-00-00 00:00:00', '0000-00-00 00:00:00'),
(32, 'DIY', '0000-00-00 00:00:00', '0000-00-00 00:00:00'),
(33, 'Jawa Timur-01', '0000-00-00 00:00:00', '0000-00-00 00:00:00'),
(34, 'Jawa Timur-02', '0000-00-00 00:00:00', '0000-00-00 00:00:00'),
(35, 'Jawa Timur-03', '0000-00-00 00:00:00', '0000-00-00 00:00:00'),
(36, 'Bali', '0000-00-00 00:00:00', '0000-00-00 00:00:00'),
(37, 'Nusa Tenggara Barat', '0000-00-00 00:00:00', '0000-00-00 00:00:00'),
(38, 'Nusa Tenggara Timur', '0000-00-00 00:00:00', '0000-00-00 00:00:00'),
(39, 'Kalimantan Barat-01', '0000-00-00 00:00:00', '0000-00-00 00:00:00'),
(40, 'Kalimantan Barat-02', '0000-00-00 00:00:00', '0000-00-00 00:00:00'),
(41, 'Kalimantan Barat-03', '0000-00-00 00:00:00', '0000-00-00 00:00:00'),
(42, 'Kalimantan Selatan', '0000-00-00 00:00:00', '0000-00-00 00:00:00'),
(43, 'Kalimantan Tengah-01', '0000-00-00 00:00:00', '0000-00-00 00:00:00'),
(44, 'Kalimantan Tengah-02', '0000-00-00 00:00:00', '0000-00-00 00:00:00'),
(45, 'Kalimantan Timur-01', '0000-00-00 00:00:00', '0000-00-00 00:00:00'),
(46, 'Kalimantan Timur-02', '0000-00-00 00:00:00', '0000-00-00 00:00:00'),
(47, 'Kalimantan Timur-03', '0000-00-00 00:00:00', '0000-00-00 00:00:00'),
(48, 'Sulawesi Selatan-01', '0000-00-00 00:00:00', '0000-00-00 00:00:00'),
(49, 'Sulawesi Selatan-02', '0000-00-00 00:00:00', '0000-00-00 00:00:00'),
(50, 'Sulawesi Selatan-03', '0000-00-00 00:00:00', '0000-00-00 00:00:00'),
(51, 'Sulawesi Barat', '0000-00-00 00:00:00', '0000-00-00 00:00:00'),
(52, 'Sulawesi Tenggara', '0000-00-00 00:00:00', '0000-00-00 00:00:00'),
(53, 'Sulawesi Tengah', '0000-00-00 00:00:00', '0000-00-00 00:00:00'),
(54, 'Sulawesi Utara-02', '0000-00-00 00:00:00', '0000-00-00 00:00:00'),
(55, 'Sulawesi Utara-01', '0000-00-00 00:00:00', '0000-00-00 00:00:00'),
(56, 'Gorontalo', '0000-00-00 00:00:00', '0000-00-00 00:00:00'),
(57, 'Maluku', '0000-00-00 00:00:00', '0000-00-00 00:00:00'),
(58, 'Maluku Utara', '0000-00-00 00:00:00', '0000-00-00 00:00:00'),
(59, 'Papua', '0000-00-00 00:00:00', '0000-00-00 00:00:00'),
(60, 'Papua Barat', '0000-00-00 00:00:00', '0000-00-00 00:00:00'),
(61, 'Markaz', '0000-00-00 00:00:00', '0000-00-00 00:00:00');

--
-- Indexes for dumped tables
--

--
-- Indexes for table `cabang`
--
ALTER TABLE `cabang`
  ADD PRIMARY KEY (`id`);

--
-- Indexes for table `users`
--
ALTER TABLE `users`
  ADD PRIMARY KEY (`id`),
  ADD UNIQUE KEY `telp` (`telp`);

--
-- Indexes for table `wilayah`
--
ALTER TABLE `wilayah`
  ADD PRIMARY KEY (`id`);

--
-- AUTO_INCREMENT for dumped tables
--

--
-- AUTO_INCREMENT for table `cabang`
--
ALTER TABLE `cabang`
  MODIFY `id` bigint(20) NOT NULL AUTO_INCREMENT, AUTO_INCREMENT=443;

--
-- AUTO_INCREMENT for table `users`
--
ALTER TABLE `users`
  MODIFY `id` bigint(20) NOT NULL AUTO_INCREMENT, AUTO_INCREMENT=263;

--
-- AUTO_INCREMENT for table `wilayah`
--
ALTER TABLE `wilayah`
  MODIFY `id` bigint(20) NOT NULL AUTO_INCREMENT, AUTO_INCREMENT=62;
COMMIT;

/*!40101 SET CHARACTER_SET_CLIENT=@OLD_CHARACTER_SET_CLIENT */;
/*!40101 SET CHARACTER_SET_RESULTS=@OLD_CHARACTER_SET_RESULTS */;
/*!40101 SET COLLATION_CONNECTION=@OLD_COLLATION_CONNECTION */;
